{"cameraMode":{"drawMode":0,"name":"Shaded","section":"Shading Mode"},"sceneLighting":false,"audioPlay":false,"sceneViewState":{"m_AlwaysRefresh":false,"showFog":true,"showSkybox":false,"showFlares":true,"showImageEffects":true,"showParticleSystems":true,"showVisualEffectGraphs":true,"m_FxEnabled":true},"in2DMode":false,"pivot":{"x":1.1892566680908204,"y":1.231736183166504,"z":-1.9919047355651856},"rotation":{"x":-0.43109527230262759,"y":-0.07376013696193695,"z":0.035389870405197147,"w":-0.8985992074012756},"size":0.4330126941204071,"orthographic":false}